Insee_new;nb_insee_old;Abonnement_apic;Abonnement_apoc;Abonnements_impactes;com_principale_abo_APIC;nb_com_suppr_abo_APIC;com_principale_abo_VF;nb_com_suppr_abo_VF
01015;2;0;0;0;0;0;0;0
50025;2;0;0;0;0;0;0;0
49377;2;2;0;2;1;1;0;0
49323;2;0;0;0;0;0;0;0
49298;2;0;0;0;0;0;0;0
49292;2;0;0;0;0;0;0;0
49194;2;0;0;0;0;0;0;0
49176;2;0;0;0;0;0;0;0
49174;2;1;0;1;1;0;0;0
49167;2;2;0;2;1;1;0;0
49160;2;0;0;0;0;0;0;0
49067;2;0;0;0;0;0;0;0
49029;2;0;0;0;0;0;0;0
49021;2;0;0;1;0;0;0;0
48166;2;2;1;2;1;1;1;0
50090;2;1;0;2;1;0;0;0
48152;2;1;0;1;1;0;0;0
48126;2;0;0;3;0;0;0;0
48105;2;1;0;0;0;1;0;0
48099;2;1;1;0;0;1;0;1
48087;2;0;0;0;0;0;0;0
48061;2;2;0;4;1;1;0;0
48050;2;2;1;2;1;1;1;0
48038;2;0;0;0;0;0;0;0
48017;2;1;0;0;1;0;0;0
46268;2;2;0;3;1;1;0;0
46252;2;0;0;0;0;0;0;0
46232;2;1;0;3;1;0;0;0
91390;2;0;0;0;0;0;0;0
46103;2;2;0;2;1;1;0;0
46083;2;2;0;3;1;1;0;0
48139;2;2;1;2;1;1;0;1
50095;2;0;0;0;0;0;0;0
50115;2;0;0;0;0;0;0;0
50168;2;1;1;1;1;0;1;0
55150;2;0;0;0;0;0;0;0
54557;2;0;0;0;0;0;0;0
53255;2;0;0;0;0;0;0;0
53228;2;0;0;0;0;0;0;0
53185;2;0;0;0;0;0;0;0
53137;2;0;0;0;0;0;0;0
53136;2;1;0;1;0;1;0;0
53124;2;0;0;0;0;0;0;0
53104;2;0;0;0;0;0;0;0
53017;2;0;0;0;0;0;0;0
52529;2;1;0;1;1;0;0;0
52449;2;1;0;2;0;1;0;0
52187;2;0;0;0;0;0;0;0
52140;2;0;0;0;0;0;0;0
51564;2;1;0;1;0;1;0;0
51171;2;0;0;0;0;0;0;0
51075;2;0;0;0;0;0;0;0
50209;2;0;0;0;0;0;0;0
50239;2;0;0;0;0;0;0;0
50267;2;1;0;1;1;0;0;0
50292;2;0;0;0;0;0;0;0
50388;2;0;0;0;0;0;0;0
50393;2;0;0;0;0;0;0;0
46063;2;0;0;1;0;0;0;0
50409;2;2;0;2;1;1;0;0
50436;2;0;0;0;0;0;0;0
50444;2;1;0;1;1;0;0;0
50564;2;0;0;1;0;0;0;0
50582;2;0;0;0;0;0;0;0
50597;2;0;0;0;0;0;0;0
50639;2;0;0;0;0;0;0;0
50417;2;0;0;0;0;0;0;0
55537;2;0;0;0;0;0;0;0
45129;2;2;1;2;1;1;1;0
44163;2;1;0;2;0;1;0;0
38292;2;1;0;1;1;0;0;0
38284;2;0;0;0;0;0;0;0
38253;2;1;0;1;1;0;0;0
38225;2;0;0;0;0;0;0;0
38163;2;1;0;2;1;0;0;0
38152;2;0;0;0;0;0;0;0
38073;2;0;0;0;0;0;0;0
38022;2;1;1;2;1;0;1;0
37254;2;1;0;1;1;0;0;0
37123;2;1;0;3;1;0;0;0
37021;2;0;0;0;0;0;0;0
36244;2;0;0;0;0;0;0;0
36202;2;2;0;2;1;1;0;0
35292;2;0;0;0;0;0;0;0
38297;2;0;0;0;0;0;0;0
35257;2;2;0;2;1;1;0;0
35184;2;1;1;2;1;0;1;0
35176;2;2;1;4;1;1;0;1
35168;2;0;0;0;0;0;0;0
35163;2;2;0;3;1;1;0;0
35060;2;1;0;1;1;0;0;0
34246;2;1;0;2;1;0;0;0
33380;2;0;0;0;0;0;0;0
33268;2;1;0;1;0;1;0;0
33106;2;1;0;1;1;0;0;0
33055;2;1;0;1;0;1;0;0
33008;2;0;0;0;0;0;0;0
32344;2;1;0;1;1;0;0;0
32079;2;0;0;0;0;0;0;0
31471;2;1;0;1;1;0;0;0
35220;2;1;0;1;1;0;0;0
38359;2;0;0;0;0;0;0;0
38407;2;0;0;0;0;0;0;0
38439;2;1;0;1;0;1;0;0
44087;2;1;1;2;1;0;1;0
44029;2;0;0;0;0;0;0;0
44021;2;2;0;2;1;1;0;0
44005;2;1;0;1;1;0;0;0
44003;2;1;1;1;1;0;1;0
43245;2;1;0;1;0;1;0;0
43221;2;0;0;0;0;0;0;0
43090;2;0;0;0;0;0;0;0
42245;2;0;0;0;0;0;0;0
42039;2;0;0;0;0;0;0;0
41167;2;1;0;1;1;0;0;0
41151;2;0;0;0;0;0;0;0
41070;2;0;0;1;0;0;0;0
40243;2;0;0;0;0;0;0;0
39583;2;2;0;2;1;1;0;0
39577;2;1;0;1;0;1;0;0
39537;2;1;0;1;1;0;0;0
38456;2;1;0;1;1;0;0;0
38560;2;2;0;2;1;1;0;0
39016;2;1;0;1;0;1;0;0
39017;2;2;0;2;1;1;0;0
39018;2;1;0;1;1;0;0;0
39043;2;1;0;1;1;0;0;0
45051;2;0;0;0;0;0;0;0
39190;2;1;0;1;1;0;0;0
39258;2;0;0;0;0;0;0;0
39331;2;0;0;0;0;0;0;0
39339;2;1;0;1;0;1;0;0
39491;2;1;0;1;1;0;0;0
39510;2;0;0;1;0;0;0;0
39530;2;2;0;2;1;1;0;0
39199;2;2;0;2;1;1;0;0
56033;2;0;0;0;0;0;0;0
56102;2;1;0;0;1;0;0;0
56165;2;0;0;0;0;0;0;0
79242;2;1;0;1;1;0;0;0
79217;2;1;0;1;1;0;0;0
79136;2;0;0;0;0;0;0;0
79105;2;1;0;1;0;1;0;0
79077;2;1;0;1;0;1;0;0
79064;2;0;0;1;0;0;0;0
79061;2;0;0;1;0;0;0;0
79030;2;0;0;0;0;0;0;0
79014;2;2;0;2;1;1;0;0
79005;2;1;0;1;1;0;0;0
78551;2;1;0;1;1;0;0;0
78320;2;1;0;1;1;0;0;0
78158;2;1;0;1;1;0;0;0
77504;2;0;0;0;0;0;0;0
79251;2;0;0;1;0;0;0;0
77433;2;1;0;1;0;1;0;0
76401;2;2;1;2;1;1;1;0
76276;2;0;0;0;0;0;0;0
76041;2;0;0;0;0;0;0;0
74289;2;2;0;2;1;1;0;0
74275;2;0;0;0;0;0;0;0
74212;2;1;0;1;1;0;0;0
74167;2;1;0;1;1;0;0;0
74123;2;0;0;0;0;0;0;0
74112;2;0;0;0;0;0;0;0
73284;2;0;0;0;0;0;0;0
73263;2;1;0;2;0;1;0;0
73227;2;0;0;0;0;0;0;0
73215;2;0;0;0;0;0;0;0
73212;2;0;0;1;0;0;0;0
77109;2;0;0;0;0;0;0;0
79280;2;0;0;0;0;0;0;0
79285;2;1;1;1;0;1;0;1
80295;2;0;0;0;0;0;0;0
91228;2;0;0;1;0;0;0;0
90068;2;1;0;1;1;0;0;0
89441;2;1;1;1;1;0;1;0
89420;2;1;0;1;1;0;0;0
89388;2;1;1;1;1;0;1;0
89334;2;0;0;0;0;0;0;0
89130;2;0;0;0;0;0;0;0
88475;2;0;0;1;0;0;0;0
88361;2;2;0;2;1;1;0;0
88218;2;0;0;0;0;0;0;0
88176;2;1;0;1;1;0;0;0
87097;2;1;0;1;0;1;0;0
86245;2;0;0;0;0;0;0;0
86115;2;2;0;2;1;1;0;0
86053;2;0;0;0;0;0;0;0
86019;2;0;0;0;0;0;0;0
85302;2;0;0;0;0;0;0;0
80442;2;0;0;0;0;0;0;0
80505;2;0;0;0;0;0;0;0
80509;2;0;0;0;0;0;0;0
81026;2;0;0;0;0;0;0;0
81218;2;0;0;0;0;0;0;0
85008;2;0;0;0;0;0;0;0
73151;2;1;0;1;1;0;0;0
85009;2;1;0;0;1;0;0;0
85080;2;1;0;0;1;0;0;0
85152;2;1;0;0;1;0;0;0
85154;2;1;0;1;0;1;0;0
85162;2;0;0;0;0;0;0;0
85177;2;0;0;0;0;0;0;0
85213;2;0;0;0;0;0;0;0
85019;2;0;0;0;0;0;0;0
72363;2;0;0;0;0;0;0;0
72308;2;0;0;0;0;0;0;0
72219;2;0;0;0;0;0;0;0
63255;2;1;0;1;0;1;0;0
63244;2;2;0;2;1;1;0;0
63226;2;2;0;2;1;1;0;0
63160;2;1;1;2;0;1;0;1
62757;2;1;0;1;1;0;0;0
62691;2;2;0;3;1;1;0;0
62471;2;1;0;1;1;0;0;0
62295;2;2;0;6;1;1;0;0
62154;2;1;0;1;1;0;0;0
61483;2;1;0;1;1;0;0;0
61463;2;0;0;0;0;0;0;0
61460;2;1;0;1;1;0;0;0
61294;2;1;1;1;1;0;1;0
61292;2;0;0;0;0;0;0;0
61168;2;1;0;1;1;0;0;0
60682;2;1;0;1;1;0;0;0
60644;2;1;0;2;1;0;0;0
56173;2;0;0;0;0;0;0;0
56251;2;2;1;2;1;1;1;0
57021;2;1;0;1;1;0;0;0
57148;2;0;0;0;0;0;0;0
57439;2;0;0;0;0;0;0;0
57482;2;0;0;0;0;0;0;0
63335;2;0;0;0;0;0;0;0
57578;2;0;0;0;0;0;0;0
59260;2;0;0;0;0;0;0;0
59588;2;0;0;0;0;0;0;0
60029;2;1;0;2;1;0;0;0
60245;2;0;0;0;0;0;0;0
60256;2;1;0;1;1;0;0;0
60570;2;1;0;2;0;1;0;0
58204;2;0;0;0;0;0;0;0
31412;2;1;0;2;0;1;0;0
63448;2;0;0;0;0;0;0;0
65081;2;0;0;1;0;0;0;0
72189;2;1;0;1;1;0;0;0
72176;2;0;0;0;0;0;0;0
72128;2;0;0;0;0;0;0;0
72080;2;0;0;0;0;0;0;0
72025;2;0;0;0;0;0;0;0
72023;2;0;0;0;0;0;0;0
71578;2;0;0;0;0;0;0;0
71279;2;0;0;0;0;0;0;0
71204;2;1;1;1;1;0;1;0
70491;2;1;0;1;1;0;0;0
70489;2;0;0;0;0;0;0;0
70285;2;1;0;1;1;0;0;0
70245;2;0;0;0;0;0;0;0
69255;2;0;0;2;0;0;0;0
69208;2;0;0;0;0;0;0;0
69019;2;2;1;2;1;1;0;1
68320;2;2;0;2;1;1;0;0
65092;2;0;0;0;0;0;0;0
65192;2;0;0;0;0;0;0;0
65282;2;0;0;0;0;0;0;0
65399;2;0;0;0;0;0;0;0
67153;2;0;0;0;0;0;0;0
67202;2;1;0;1;1;0;0;0
64225;2;1;0;1;1;0;0;0
67418;2;0;0;0;0;0;0;0
68006;2;1;0;1;0;1;0;0
68012;2;1;0;0;1;0;0;0
68056;2;1;0;1;1;0;0;0
68143;2;0;0;0;0;0;0;0
68201;2;0;0;0;0;0;0;0
68219;2;0;0;0;0;0;0;0
67495;2;0;0;0;0;0;0;0
31277;2;2;0;2;1;1;0;0
95040;2;2;0;2;1;1;0;0
30052;2;1;0;1;1;0;0;0
24534;2;1;0;1;1;0;0;0
14126;2;1;0;1;1;0;0;0
24376;2;0;0;0;0;0;0;0
24364;2;1;0;1;0;1;0;0
14347;2;0;0;0;0;0;0;0
24316;2;0;0;0;0;0;0;0
14349;2;0;0;0;0;0;0;0
14410;2;0;0;0;0;0;0;0
24540;2;0;0;0;0;0;0;0
14456;2;2;0;2;1;1;0;0
24216;2;1;0;1;0;1;0;0
14514;2;1;1;3;1;0;1;0
14527;2;0;0;0;0;0;0;0
24142;2;1;0;1;1;0;0;0
24117;2;0;0;0;0;0;0;0
14554;2;0;0;0;0;0;0;0
14591;2;0;0;1;0;0;0;0
14712;2;1;0;1;1;0;0;0
14474;2;0;0;0;0;0;0;0
24554;2;1;0;1;1;0;0;0
25035;2;0;0;0;0;0;0;0
14037;2;0;0;0;0;0;0;0
26179;2;2;1;4;1;1;1;0
26086;2;0;0;0;0;0;0;0
26001;2;1;0;1;1;0;0;0
25575;2;0;0;0;0;0;0;0
25558;2;0;0;0;0;0;0;0
25529;2;0;0;0;0;0;0;0
25460;2;0;0;0;0;0;0;0
12090;2;0;0;0;0;0;0;0
12120;2;0;0;0;0;0;0;0
25438;2;0;0;0;0;0;0;0
25434;2;1;0;1;1;0;0;0
25368;2;0;0;0;0;0;0;0
25334;2;1;0;1;1;0;0;0
25245;2;2;0;2;1;1;0;0
12224;2;0;0;0;0;0;0;0
21178;2;1;0;2;1;0;0;0
14014;2;0;0;0;0;0;0;0
14035;2;0;0;0;0;0;0;0
25078;2;1;0;1;1;0;0;0
14713;2;1;0;1;0;1;0;0
14740;2;0;0;0;0;0;0;0
15027;2;0;0;0;0;0;0;0
24087;2;1;0;1;0;1;0;0
17277;2;0;0;0;0;0;0;0
17340;2;1;1;1;1;0;1;0
17344;2;1;0;1;1;0;0;0
30339;2;1;0;2;1;0;0;0
22084;2;0;0;1;0;0;0;0
18073;2;0;0;0;0;0;0;0
19010;2;2;1;3;1;1;1;0
22055;2;0;0;0;0;0;0;0
19019;2;0;0;1;0;0;0;0
22050;2;0;0;1;0;0;0;0
19098;2;0;0;0;0;0;0;0
19101;2;1;1;1;1;0;1;0
21623;2;0;0;0;0;0;0;0
21352;2;0;0;0;0;0;0;0
19123;2;1;0;1;1;0;0;0
19252;2;0;0;0;0;0;0;0
21327;2;0;0;1;0;0;0;0
21272;2;0;0;0;0;0;0;0
21195;2;0;0;0;0;0;0;0
17219;2;0;0;0;0;0;0;0
27011;2;1;0;1;1;0;0;0
22158;2;0;0;0;0;0;0;0
22183;2;0;0;0;0;0;0;0
15138;2;1;0;0;1;0;0;0
15181;2;0;0;0;0;0;0;0
15268;2;0;0;0;0;0;0;0
16005;2;0;0;0;0;0;0;0
24035;2;1;0;1;1;0;0;0
23192;2;0;0;0;0;0;0;0
23189;2;0;0;0;0;0;0;0
16106;2;2;0;3;1;1;0;0
23149;2;0;0;0;0;0;0;0
23109;2;0;0;0;0;0;0;0
16148;2;0;0;0;0;0;0;0
16153;2;0;0;0;0;0;0;0
22251;2;1;0;1;1;0;0;0
22219;2;0;0;0;0;0;0;0
16224;2;0;0;0;0;0;0;0
22206;2;1;0;1;0;1;0;0
16281;2;0;0;0;0;0;0;0
22203;2;0;0;0;0;0;0;0
16406;2;1;0;1;0;1;0;0
17160;2;1;0;1;1;0;0;0
11323;2;1;0;1;1;0;0;0
25147;2;0;0;0;0;0;0;0
03168;2;1;0;1;1;0;0;0
01426;2;0;0;0;0;0;0;0
27693;2;0;0;0;0;0;0;0
27685;2;0;0;0;0;0;0;0
27679;2;0;0;1;0;0;0;0
02153;2;0;0;0;0;0;0;0
27565;2;2;0;2;1;1;0;0
02360;2;0;0;1;0;0;0;0
27541;2;0;0;0;0;0;0;0
01338;2;1;0;2;0;1;0;0
27471;2;0;0;0;0;0;0;0
27467;2;2;1;4;1;1;0;1
27448;2;2;0;6;1;1;0;0
04033;2;0;0;0;0;0;0;0
04120;2;0;0;0;0;0;0;0
05001;2;0;0;0;0;0;0;0
27412;2;1;0;1;1;0;0;0
27302;2;0;0;0;0;0;0;0
27294;2;1;0;2;0;1;0;0
11304;2;1;0;2;1;0;0;0
28018;2;0;0;0;0;0;0;0
01286;2;0;0;1;0;0;0;0
01227;2;0;0;0;0;0;0;0
29266;2;0;0;1;0;0;0;0
29227;2;1;1;1;0;1;0;1
29199;2;1;0;2;1;0;0;0
29076;2;0;0;0;0;0;0;0
29021;2;1;0;1;1;0;0;0
01025;2;0;0;0;0;0;0;0
29003;2;0;0;0;0;0;0;0
01080;2;0;0;0;0;0;0;0
28383;2;1;0;1;1;0;0;0
28334;2;2;1;2;1;1;1;0
28331;2;0;0;0;0;0;0;0
01095;2;0;0;0;0;0;0;0
28254;2;0;0;0;0;0;0;0
01098;2;1;0;1;1;0;0;0
01130;2;1;1;2;1;0;1;0
28185;2;1;0;1;1;0;0;0
28183;2;0;0;0;0;0;0;0
01204;2;0;0;0;0;0;0;0
01215;2;0;0;0;0;0;0;0
27290;2;0;0;0;0;0;0;0
27277;2;0;0;0;0;0;0;0
21084;2;0;0;0;0;0;0;0
27107;2;1;0;1;1;0;0;0
07011;2;1;0;2;1;0;0;0
07262;2;0;0;0;0;0;0;0
27090;2;1;0;2;1;0;0;0
08145;2;2;0;2;1;1;0;0
05101;2;0;0;0;0;0;0;0
08198;2;1;0;1;1;0;0;0
08311;2;0;0;0;0;0;0;0
07165;2;2;0;3;1;1;0;0
08491;2;1;1;1;1;0;1;0
09062;2;0;0;0;0;0;0;0
07103;2;1;0;1;1;0;0;0
11251;2;0;0;0;0;0;0;0
11080;2;0;0;0;0;0;0;0
11131;2;1;1;1;1;0;1;0
08115;2;0;0;0;0;0;0;0
09296;2;1;0;2;1;0;0;0
59183;3;1;0;1;0;1;0;0
73006;3;0;0;0;0;0;0;0
60088;3;0;0;0;0;0;0;0
56197;3;2;0;2;1;1;0;0
79063;3;1;0;1;1;0;0;0
16300;3;0;0;0;0;0;0;0
73135;3;0;0;0;0;0;0;0
60054;3;0;0;1;0;0;0;0
87128;3;1;0;1;0;1;0;0
73235;3;0;0;1;0;0;0;0
58026;3;0;0;0;0;0;0;0
73187;3;0;0;4;0;0;0;0
88029;3;2;0;3;1;1;0;0
70418;3;0;0;0;0;0;0;0
17295;3;0;0;1;0;0;0;0
88465;3;2;0;3;1;1;0;0
53062;3;1;0;1;0;1;0;0
53097;3;0;0;0;0;0;0;0
12021;3;0;0;0;0;0;0;0
76146;3;1;0;3;0;1;0;0
76164;3;2;0;3;1;1;0;0
10003;3;0;0;0;0;0;0;0
01033;3;0;0;0;0;0;0;0
89411;3;0;0;0;0;0;0;0
08490;3;0;0;1;0;0;0;0
89405;3;0;0;0;0;0;0;0
54099;3;1;0;1;1;0;0;0
17457;3;1;1;1;1;0;1;0
12177;3;0;0;0;0;0;0;0
73257;3;0;0;0;0;0;0;0
56061;3;1;0;1;1;0;0;0
60196;3;1;0;0;1;0;0;0
56144;3;0;0;0;0;0;0;0
73236;3;3;0;4;1;2;0;0
60209;3;0;0;0;0;0;0;0
16110;3;0;0;0;0;0;0;0
73003;3;0;0;0;0;0;0;0
14143;3;0;0;0;0;0;0;0
14543;3;0;0;0;0;0;0;0
14200;3;0;0;0;0;0;0;0
14538;3;1;0;1;0;1;0;0
80485;3;0;0;0;0;0;0;0
81062;3;1;0;1;1;0;0;0
71134;3;2;0;2;0;2;0;0
05024;3;0;0;0;0;0;0;0
68162;3;0;0;0;0;0;0;0
14579;3;0;0;0;0;0;0;0
80625;3;0;0;0;0;0;0;0
80621;3;0;0;0;0;0;0;0
69024;3;1;0;2;1;0;0;0
69066;3;1;0;1;1;0;0;0
69159;3;0;0;1;0;0;0;0
69179;3;1;0;2;0;1;0;0
69228;3;2;0;2;1;1;0;0
14357;3;0;0;0;0;0;0;0
14355;3;1;0;1;1;0;0;0
05053;3;3;3;5;1;2;1;2
68240;3;1;0;1;0;1;0;0
02018;3;0;0;0;0;0;0;0
72071;3;2;0;2;1;1;0;0
72138;3;0;0;0;0;0;0;0
02053;3;0;0;0;0;0;0;0
05039;3;0;0;0;0;0;0;0
08116;3;1;0;1;1;0;0;0
61081;3;0;0;0;0;0;0;0
61116;3;0;0;0;0;0;0;0
85197;3;2;0;2;0;2;0;0
61145;3;1;1;1;1;0;1;0
85194;3;0;0;0;0;0;0;0
16082;3;1;0;1;1;0;0;0
05118;3;2;2;3;1;1;1;1
61194;3;1;0;1;1;0;0;0
16023;3;0;0;0;0;0;0;0
08053;3;0;0;0;0;0;0;0
61324;3;1;0;1;1;0;0;0
61341;3;0;0;2;0;0;0;0
61345;3;0;0;0;0;0;0;0
61429;3;0;0;0;0;0;0;0
03158;3;0;0;0;0;0;0;0
05132;3;0;0;0;0;0;0;0
79334;3;0;0;0;0;0;0;0
16046;3;0;0;0;0;0;0;0
76034;3;1;1;1;1;0;1;0
18023;3;0;0;0;0;0;0;0
27263;3;1;0;1;0;1;0;0
39368;3;0;0;0;0;0;0;0
27191;3;2;0;2;1;1;0;0
49138;3;1;0;1;0;1;0;0
24172;3;0;0;0;0;0;0;0
24147;3;0;0;0;0;0;0;0
49183;3;1;0;1;0;1;0;0
39329;3;0;0;0;0;0;0;0
49220;3;0;0;0;0;0;0;0
39286;3;0;0;0;0;0;0;0
49086;3;0;0;1;0;0;0;0
39273;3;1;0;1;1;0;0;0
27447;3;1;0;2;0;1;0;0
38395;3;3;0;4;1;2;0;0
27516;3;0;0;0;0;0;0;0
27554;3;2;0;4;1;1;0;0
27578;3;0;0;0;0;0;0;0
27638;3;1;0;3;1;0;0;0
27676;3;3;0;3;1;2;0;0
38001;3;1;0;1;1;0;0;0
37232;3;1;0;2;0;1;0;0
39177;3;0;0;0;0;0;0;0
49060;3;2;0;2;1;1;0;0
24312;3;2;0;3;1;1;0;0
27112;3;0;0;0;0;0;0;0
42268;3;1;0;1;0;1;0;0
27022;3;2;0;2;1;1;0;0
27032;3;0;0;0;0;0;0;0
46156;3;2;0;2;0;2;0;0
27062;3;0;0;1;0;0;0;0
25222;3;1;0;1;0;1;0;0
25156;3;0;0;0;0;0;0;0
41142;3;0;0;0;0;0;0;0
46262;3;0;0;1;0;0;0;0
46263;3;3;2;4;1;2;1;1
27070;3;0;0;1;0;0;0;0
41055;3;0;0;0;0;0;0;0
27085;3;1;0;1;0;1;0;0
24490;3;2;0;2;1;1;0;0
24423;3;0;0;0;0;0;0;0
48116;3;2;1;2;1;1;1;0
27089;3;1;0;1;1;0;0;0
48146;3;3;0;3;1;2;0;0
27105;3;1;0;2;1;0;0;0
24362;3;0;0;0;0;0;0;0
49003;3;1;0;1;1;0;0;0
28015;3;0;0;0;0;0;0;0
36229;3;0;0;0;0;0;0;0
26210;3;2;0;4;0;2;0;0
51030;3;2;0;2;0;2;0;0
28127;3;0;0;1;0;0;0;0
35308;3;2;0;4;1;1;0;0
35191;3;0;0;0;0;0;0;0
50592;3;0;0;0;0;0;0;0
35069;3;2;0;2;1;1;0;0
50431;3;0;0;0;0;0;0;0
50363;3;0;0;0;0;0;0;0
22107;3;0;0;0;0;0;0;0
22209;3;0;0;1;0;0;0;0
50412;3;0;0;0;0;0;0;0
36093;3;0;0;1;0;0;0;0
33018;3;1;0;2;0;1;0;0
50410;3;1;1;1;1;0;1;0
50139;3;1;1;1;1;0;1;0
50484;3;2;1;2;1;1;1;0
28236;3;0;0;1;0;0;0;0
52064;3;1;1;1;0;1;0;1
28199;3;0;0;0;0;0;0;0
52405;3;1;0;1;0;1;0;0
50535;3;0;0;0;0;0;0;0
89196;4;0;0;0;0;0;0;0
86123;4;3;0;3;1;2;0;0
79078;4;0;0;0;0;0;0;0
27157;4;0;0;0;0;0;0;0
14281;4;0;0;0;0;0;0;0
24259;4;0;0;1;0;0;0;0
79083;4;0;0;0;0;0;0;0
39485;4;1;0;1;0;1;0;0
69157;4;1;1;2;1;0;1;0
39378;4;1;0;1;1;0;0;0
16339;4;0;0;0;0;0;0;0
39576;4;1;1;1;1;0;1;0
53029;4;0;0;0;0;0;0;0
71582;4;0;0;0;0;0;0;0
44213;4;0;0;1;0;0;0;0
51612;4;2;0;3;1;1;0;0
46033;4;1;0;1;1;0;0;0
41171;4;0;0;0;0;0;0;0
76289;4;3;0;3;1;2;0;0
76476;4;2;1;2;1;1;1;0
28422;4;0;0;0;0;0;0;0
14011;4;0;0;0;0;0;0;0
08173;4;0;0;0;0;0;0;0
73150;4;4;0;0;1;3;0;0
01036;4;0;0;1;0;0;0;0
09334;4;1;0;1;0;1;0;0
72262;4;0;0;1;0;0;0;0
22093;4;2;1;2;1;1;1;0
35004;4;2;2;2;0;2;0;2
40197;4;1;0;1;1;0;0;0
79140;4;0;0;0;0;0;0;0
28330;4;0;0;0;0;0;0;0
50601;4;1;0;1;1;0;0;0
14406;4;0;0;0;0;0;0;0
79185;4;0;0;0;0;0;0;0
16286;4;0;0;0;0;0;0;0
39130;4;1;0;2;0;1;0;0
15108;4;1;0;2;0;1;0;0
27425;4;1;0;2;1;0;0;0
15142;4;0;0;0;0;0;0;0
38479;4;2;0;3;1;1;0;0
16175;4;0;0;0;0;0;0;0
85084;4;1;0;1;1;0;0;0
85090;4;1;0;2;0;1;0;0
24053;4;2;0;3;1;1;0;0
39137;4;1;0;1;1;0;0;0
61375;4;1;0;1;1;0;0;0
49367;4;1;0;1;0;1;0;0
50197;4;0;0;0;0;0;0;0
50142;4;0;0;0;0;0;0;0
24028;4;0;0;0;0;0;0;0
61050;4;0;0;0;0;0;0;0
61228;4;0;0;0;0;0;0;0
61096;4;0;0;0;0;0;0;0
01453;4;1;0;1;1;0;0;0
87028;4;1;0;1;0;1;0;0
02458;4;0;0;2;0;0;0;0
22264;4;1;1;1;0;1;0;1
39021;4;0;0;0;0;0;0;0
05139;4;0;0;0;0;0;0;0
79196;4;0;0;0;0;0;0;0
50391;4;1;1;1;1;0;1;0
89003;4;1;0;1;0;1;0;0
14475;4;1;0;1;0;1;0;0
49163;4;0;0;0;0;0;0;0
67539;4;1;0;2;1;0;0;0
01185;4;1;0;1;1;0;0;0
67372;4;0;0;0;0;0;0;0
49200;4;2;0;2;0;2;0;0
12076;4;2;0;2;1;1;0;0
67004;4;1;0;1;0;1;0;0
52411;4;0;0;0;0;0;0;0
01187;4;0;0;1;0;0;0;0
35282;4;1;0;1;0;1;0;0
14576;4;1;0;1;0;1;0;0
14672;4;1;0;1;0;1;0;0
39290;4;1;0;1;0;1;0;0
50273;4;0;0;0;0;0;0;0
79329;4;2;1;3;0;2;0;1
77316;5;1;1;2;1;0;1;0
41059;5;2;0;2;0;2;0;0
28406;5;0;0;0;0;0;0;0
86281;5;0;0;0;0;0;0;0
41248;5;1;0;2;0;1;0;0
85146;5;1;0;1;1;0;0;0
39209;5;0;0;0;0;0;0;0
74282;5;0;0;0;0;0;0;0
86082;5;2;0;2;0;2;0;0
79174;5;1;0;1;1;0;0;0
89197;5;0;0;0;0;0;0;0
46138;5;0;0;0;0;0;0;0
50129;5;0;0;0;0;0;0;0
15141;5;0;0;0;0;0;0;0
49345;5;1;0;1;1;0;0;0
69248;5;0;0;0;0;0;0;0
14342;5;1;0;1;1;0;0;0
48127;5;0;0;3;0;0;0;0
14150;5;1;0;1;0;1;0;0
48094;5;1;0;0;0;1;0;0
14689;5;0;0;0;0;0;0;0
50215;5;0;0;0;0;0;0;0
50359;5;0;0;0;0;0;0;0
16192;5;2;0;2;1;1;0;0
46311;5;3;0;3;1;2;0;0
14570;5;2;1;2;1;1;0;1
16230;5;0;0;1;0;0;0;0
73290;5;0;0;0;0;0;0;0
53161;5;2;0;2;1;1;0;0
50591;5;2;0;3;1;1;0;0
16204;5;0;0;0;0;0;0;0
50492;5;1;0;1;0;1;0;0
50565;5;0;0;0;0;0;0;0
46201;5;2;0;3;1;1;0;0
12270;5;1;0;2;1;0;0;0
14005;5;1;0;1;0;1;0;0
24026;6;1;0;1;0;1;0;0
28012;6;1;1;2;1;0;1;0
50546;6;1;0;1;0;1;0;0
50419;6;0;0;0;0;0;0;0
61196;6;0;0;0;0;0;0;0
61309;6;1;0;1;0;1;0;0
61484;6;2;0;2;1;1;0;0
81233;6;0;0;0;0;0;0;0
44180;6;1;0;1;1;0;0;0
50082;6;0;0;0;0;0;0;0
74010;6;0;0;0;0;0;0;0
14098;6;2;0;3;1;1;0;0
14174;6;1;0;1;1;0;0;0
12223;6;0;0;0;0;0;0;0
79013;6;4;3;4;1;3;1;2
25424;6;0;0;0;0;0;0;0
79179;6;3;1;3;1;2;1;0
72137;6;0;0;0;0;0;0;0
48027;6;3;0;6;1;2;0;0
73010;6;4;1;3;1;3;0;1
48009;6;0;0;0;0;0;0;0
49261;7;1;0;3;1;0;0;0
02439;7;0;0;0;0;0;0;0
49307;7;3;0;5;1;2;0;0
61153;7;0;0;0;0;0;0;0
61486;7;0;0;0;0;0;0;0
69135;7;0;0;1;0;0;0;0
50260;7;0;0;0;0;0;0;0
49373;7;1;0;3;0;1;0;0
14027;7;0;0;0;0;0;0;0
50400;7;0;0;0;0;0;0;0
50487;7;1;0;1;0;1;0;0
76258;7;2;0;2;0;2;0;0
50523;7;0;0;0;0;0;0;0
50550;7;0;0;0;0;0;0;0
41173;7;0;0;0;0;0;0;0
45191;7;2;0;2;0;2;0;0
22046;7;0;0;0;0;0;0;0
61211;7;0;0;0;0;0;0;0
61007;8;0;0;0;0;0;0;0
61230;8;0;0;0;0;0;0;0
14762;8;1;1;1;1;0;1;0
24064;8;1;0;1;0;1;0;0
49125;8;0;0;2;0;0;0;0
49080;8;1;0;1;0;1;0;0
61339;9;1;0;1;0;1;0;0
27198;9;0;0;0;0;0;0;0
49069;9;3;0;3;1;2;0;0
28103;9;1;1;1;1;0;1;0
50236;9;0;0;0;0;0;0;0
24253;9;1;0;1;1;0;0;0
49023;10;4;0;4;0;4;0;0
61167;10;1;0;2;0;1;0;0
49301;10;3;0;4;1;2;0;0
49248;10;3;1;3;1;2;0;1
14658;10;0;0;0;0;0;0;0
49050;10;4;1;4;0;4;0;1
61491;10;1;0;1;0;1;0;0
49244;11;0;0;2;0;0;0;0
49218;11;1;1;1;1;0;1;0
50099;12;1;0;2;0;1;0;0
14654;13;0;0;0;0;0;0;0
49092;13;3;0;4;1;2;0;0
14726;14;2;0;2;0;2;0;0
27213;14;3;0;4;1;2;0;0
49228;14;2;1;2;0;2;0;1
61474;14;0;0;0;0;0;0;0
14431;14;2;0;2;1;1;0;0
89086;14;1;0;1;0;1;0;0
49331;15;2;1;2;1;1;1;0
49018;15;1;0;2;1;0;0;0
27049;16;1;0;2;0;1;0;0
76618;18;5;0;4;0;5;0;0
50041;19;0;0;0;0;0;0;0
14061;20;1;0;1;0;1;0;0
14371;22;2;0;2;1;1;0;0
