Insee_old;Insee_new;Abonnement_apic;Abonnement_apoc;Abonnements_impactes
01340;01015;;;
01015;01015;;;
01025;01025;;;
01144;01025;;;
01033;01033;;;
01091;01033;;;
01205;01033;;;
01221;01036;;;
01442;01036;;;
01414;01036;;;
01036;01036;;;01034
01119;01080;;;
01080;01080;;;
01095;01095;;;
01172;01095;;;
01098;01098;01098;;01098
01316;01098;;;
01130;01130;01130;01130;01130,01266
01154;01130;;;
01185;01185;01185;;01185
01186;01185;;;
01417;01185;;;
01122;01185;;;
01292;01187;;;
01409;01187;;;
01187;01187;;;
01176;01187;;;01034
01300;01204;;;
01204;01204;;;
01413;01215;;;
01215;01215;;;
01341;01227;;;
01227;01227;;;
01271;01286;;;
01286;01286;;;01034
01338;01338;;;01034
01182;01338;01182;;01182
01312;01426;;;
01426;01426;;;
01453;01453;01453;;01453
01218;01453;;;
01059;01453;;;
01097;01453;;;
02301;02018;;;
02434;02018;;;
02018;02018;;;
02053;02053;;;
02669;02053;;;
02161;02053;;;
02733;02153;;;
02153;02153;;;
02475;02360;;;
02360;02360;;;08039
02597;02439;;;
02771;02439;;;
02439;02439;;;
02348;02439;;;
02646;02439;;;
02479;02439;;;
02811;02439;;;
02325;02458;;;02664
02458;02458;;;02281
02147;02458;;;
02026;02458;;;
03123;03158;;;
03158;03158;;;
03153;03158;;;
03318;03168;;;
03168;03168;03168;;03168
04033;04033;;;
04198;04033;;;
04100;04120;;;
04120;04120;;;
05120;05001;;;
05001;05001;;;
05150;05024;;;
05024;05024;;;
05088;05024;;;
05039;05039;;;
05141;05039;;;
05043;05039;;;
05143;05053;05143;05143;05143
05069;05053;05069,05070,05073,05097,05165,05166,05172;05069;05069,05070,05097
05053;05053;05053;05053;05053,05070
05175;05101;;;
05101;05101;;;
05005;05118;;;05118,05155
05034;05118;05034;05034;05034
05118;05118;04027,04123,04139,04209,05005,05014,05047,05118,05155;05118;05118
05132;05132;;;
05020;05132;;;
05067;05132;;;
05138;05139;;;
05002;05139;;;
05042;05139;;;
05139;05139;;;
07016;07011;;;07331
07011;07011;07011;;07011
07103;07103;07103;;07103
07252;07103;;;
07256;07165;07256;;07256,07303
07165;07165;07165;;07165
07135;07262;;;
07262;07262;;;
08053;08053;;;
08475;08053;;;
08371;08053;;;
08114;08115;;;
08115;08115;;;
08261;08116;;;08116
08007;08116;;;08116
08116;08116;08007,08116,08261;;08116
08267;08145;08145;;
08145;08145;08145;;08145,08267
08042;08173;;;
08079;08173;;;
08173;08173;;;
08152;08173;;;
08198;08198;08198;;08198
08441;08198;;;
08311;08311;;;
08009;08311;;;
08490;08490;;;60368
08443;08490;;;
08493;08490;;;
08491;08491;08491;08491;08491
08072;08491;;;
09317;09062;;;
09062;09062;;;
09296;09296;09296;;09064,09296
09028;09296;;;
09334;09334;;;
09135;09334;;;
09286;09334;09286;;09286
09302;09334;;;
10003;10003;;;
10277;10003;;;
10415;10003;;;
11080;11080;;;
11171;11080;;;
11131;11131;11131,11329;11131;11131
11329;11131;;;11131
11251;11251;;;
11298;11251;;;
11050;11304;;;
11304;11304;11304;;11129,11304
11323;11323;11323;;11323
11097;11323;;;
12021;12021;;;
12285;12021;;;
12245;12021;;;
12076;12076;12076;;12076
12218;12076;12218;;12218
12173;12076;;;
12114;12076;;;
12090;12090;;;
12020;12090;;;
12271;12120;;;
12120;12120;;;
12177;12177;;;
12081;12177;;;
12087;12177;;;
12005;12223;;;
12117;12223;;;
12112;12223;;;
12223;12223;;;
12304;12223;;;
12279;12223;;;
12224;12224;;;
12014;12224;;;
12123;12270;;;
12196;12270;;;
12270;12270;12270;;12200,12270
12126;12270;;;
12040;12270;;;
14005;14005;;;
14268;14005;14268;;14268
14517;14005;;;
14074;14005;;;
14176;14005;;;
14581;14011;;;
14011;14011;;;
14376;14011;;;
14695;14011;;;
14170;14014;;;
14014;14014;;;
14056;14027;;;
14128;14027;;;
14508;14027;;;
14544;14027;;;
14219;14027;;;
14477;14027;;;
14027;14027;;;
14727;14035;;;
14035;14035;;;
14553;14037;;;
14037;14037;;;
14255;14061;;;
14704;14061;;;
14629;14061;;;
14618;14061;;;
14264;14061;;;
14655;14061;;;
14443;14061;;;
14636;14061;;;
14129;14061;;;
14061;14061;;;
14532;14061;;;
14052;14061;;;
14115;14061;;;
14317;14061;;;
14440;14061;;;
14395;14061;;;
14573;14061;14573;;14573
14441;14061;;;
14632;14061;;;
14139;14061;;;
14423;14098;;;
14098;14098;14098;;14098
14157;14098;14157;;14157
14525;14098;;;
14109;14098;;;14380
14568;14098;;;
14604;14126;;;
14126;14126;14126;;14126
14722;14143;;;
14143;14143;;;
14372;14143;;;
14013;14150;;;
14002;14150;14002;;14002
14703;14150;;;
14505;14150;;;
14150;14150;;;
14653;14174;;;
14174;14174;14174;;14174
14152;14174;;;
14523;14174;;;
14361;14174;;;
14585;14174;;;
14577;14200;;;
14757;14200;;;
14200;14200;;;
14004;14281;;;
14382;14281;;;
14281;14281;;;
14235;14281;;;
14142;14342;;;
14763;14342;;;
14462;14342;;;
14481;14342;;;
14342;14342;14342;;14342
14347;14347;;;
14413;14347;;;
14164;14349;;;
14349;14349;;;
14690;14355;;;
14355;14355;14355;;14355
14008;14355;;;
14357;14357;;;
14662;14357;;;
14597;14357;;;
14371;14371;14371;;14371
14471;14371;;;
14429;14371;;;
14696;14371;;;
14634;14371;;;
14518;14371;;;
14028;14371;;;
14210;14371;;;
14633;14371;;;
14265;14371;;;
14459;14371;;;
14418;14371;;;
14155;14371;14155;;14155
14029;14371;;;
14259;14371;;;
14058;14371;;;
14330;14371;;;
14420;14371;;;
14638;14371;;;
14615;14371;;;
14148;14371;;;
14414;14371;;;
14548;14406;;;
14212;14406;;;
14186;14406;;;
14406;14406;;;
14410;14410;;;
14075;14410;;;
14387;14431;;;
14444;14431;;;
14422;14431;;;
14600;14431;;;
14201;14431;;;
14359;14431;;;
14189;14431;;;
14431;14431;14431;;14431
14493;14431;;;
14031;14431;;;
14386;14431;;;
14208;14431;;;
14749;14431;;;
14313;14431;14313;;14313
14158;14456;14158;;14158
14456;14456;14456;;14456
14178;14474;;;
14474;14474;;;
14373;14475;;;
14432;14475;;;
14475;14475;;;
14702;14475;14702;;14702
14514;14514;14032,14085,14161,14366,14514,14563,14593;14514;14514,14555,14620
14185;14514;;;
14527;14527;;;
14608;14527;;;
14339;14538;14339;;14339
14691;14538;;;
14538;14538;;;
14670;14543;;;
14543;14543;;;
14356;14543;;;
14294;14554;;;
14554;14554;;;
14693;14570;;;
14570;14570;14570;;14570
14647;14570;;;
14599;14570;14599;14599;14599
14154;14570;;;
14583;14576;;;
14105;14576;;;
14153;14576;14153;;14153
14576;14576;;;
14188;14579;;;
14073;14579;;;
14579;14579;;;
14591;14591;;;
14551;14591;;;14453
14489;14654;;;
14654;14654;;;
14433;14654;;;
14099;14654;;;
14331;14654;;;
14750;14654;;;
14697;14654;;;
14729;14654;;;
14688;14654;;;
14450;14654;;;
14616;14654;;;
14081;14654;;;
14580;14654;;;
14671;14658;;;
14279;14658;;;
14416;14658;;;
14151;14658;;;
14415;14658;;;
14417;14658;;;
14296;14658;;;
14611;14658;;;
14658;14658;;;
14192;14658;;;
14217;14672;;;
14672;14672;;;
14596;14672;;;
14350;14672;14350;;14350
14628;14689;;;
14144;14689;;;
14689;14689;;;
14213;14689;;;
14324;14689;;;
14712;14712;14712;;14712
14666;14712;;;
14713;14713;;;
14307;14713;14307;;14307
14156;14726;;;
14253;14726;;;
14746;14726;;;
14549;14726;;;
14686;14726;;;
14065;14726;;;
14564;14726;14564;;14564
14726;14726;;;
14222;14726;;;
14521;14726;;;
14503;14726;14503;;14503
14113;14726;;;
14539;14726;;;
14442;14726;;;
14740;14740;;;
14292;14740;;;
14388;14762;;;
14762;14762;14545,14717,14718,14730;14762;
14718;14762;;;14762
14584;14762;;;
14545;14762;;;14762
14730;14762;;;14762
14187;14762;;;
14717;14762;;;14762
15027;15027;;;
15136;15027;;;
15108;15108;;;
15195;15108;;;
15068;15108;15002,15004,15005,15055,15068,15187;;12094,15068
15197;15108;;;
15138;15138;15041;;
15044;15138;;;
15171;15141;;;
15047;15141;;;
15141;15141;;;
15031;15141;;;
15035;15141;;;
15099;15142;;;
15142;15142;;;
15145;15142;;;
15227;15142;;;
15071;15181;;;
15181;15181;;;
15150;15268;;;
15268;15268;;;
16411;16005;;;
16005;16005;;;
16023;16023;;;
16033;16023;;;
16094;16023;;;
16115;16046;;;
16332;16046;;;
16046;16046;;;
16172;16082;;;
16082;16082;16072,16082;;16082
16092;16082;;;
16322;16106;16322;;16131,16322
16106;16106;16016,16106,16134;;16106,16131
16391;16110;;;
16110;16110;;;
16410;16110;;;
16043;16148;;;
16148;16148;;;
16202;16153;;;
16153;16153;;;
16257;16175;;;
16201;16175;;;
16175;16175;;;
16021;16175;;;
16259;16192;;;
16149;16192;16149;;16149
16376;16192;;;
16214;16192;;;
16192;16192;16192;;16192
16247;16204;;;
16417;16204;;;
16386;16204;;;
16129;16204;;;
16204;16204;;;
16224;16224;;;
16179;16224;;;
16328;16230;;;
16314;16230;;;
16230;16230;;;16073
16294;16230;;;
16004;16230;;;
16281;16281;;;
16344;16281;;;
16371;16286;;;
16262;16286;;;
16286;16286;;;
16156;16286;;;
16300;16300;;;
16296;16300;;;
16309;16300;;;
16051;16339;;;
16339;16339;;;
16017;16339;;;
16228;16339;;;
16406;16406;;;
16274;16406;16274;;16274
17392;17160;;;
17160;17160;17068,17160,17248,17328;;17160
17219;17219;;;
17189;17219;;;
17277;17277;;;
17040;17277;;;
17371;17295;;;17108
17295;17295;;;17108
17238;17295;;;17108
17272;17340;;;
17340;17340;17340;17340;17340
17169;17344;;;
17344;17344;17344;;17344
17103;17457;;;17457
17352;17457;;;17457
17457;17457;17103,17352,17457;17457;17457
18239;18023;;;
18023;18023;;;
18123;18023;;;
18222;18073;;;
18073;18073;;;
19010;19010;19010;19010;19010,19221
19183;19010;19183;;19183
19032;19019;;;
19019;19019;;;19012
19127;19098;;;
19098;19098;;;
19185;19101;;;
19101;19101;19101;19101;19101
19282;19123;;;
19123;19123;19123;;19123
19252;19252;;;
19218;19252;;;
21551;21084;;;
21084;21084;;;
21513;21178;;;
21178;21178;21178;;21178,21270
21658;21195;;;
21195;21195;;;
21073;21272;;;
21272;21272;;;
21327;21327;;;
21318;21327;;;21050
21486;21352;;;
21352;21352;;;
21621;21623;;;
21623;21623;;;
22303;22046;;;
22292;22046;;;
22191;22046;;;
22297;22046;;;
22046;22046;;;
22066;22046;;;
22102;22046;;;
22123;22050;;;
22050;22050;;;35179
22007;22055;;;
22055;22055;;;
22084;22084;;;22093
22051;22084;;;
22093;22093;22084,22093;22093;22093
22173;22093;22173;;22173
22151;22093;;;
22154;22093;;;
22107;22107;;;
22290;22107;;;
22167;22107;;;
22298;22158;;;
22158;22158;;;
22183;22183;;;
22058;22183;;;
22203;22203;;;
22080;22203;;;
22206;22206;;;
22038;22206;22038;;22038
22357;22209;;;
22192;22209;;;
22209;22209;;;35179
22100;22219;;;
22219;22219;;;
22251;22251;22251;;22251
22367;22251;;;
22247;22264;;;
22078;22264;22078;22078;22078
22253;22264;;;
22264;22264;;;
23121;23109;;;
23109;23109;;;
23149;23149;;;
23161;23149;;;
23126;23189;;;
23189;23189;;;
23231;23192;;;
23192;23192;;;
24044;24026;;;
24166;24026;;;
24270;24026;24270;;24270
24103;24026;;;
24369;24026;;;
24026;24026;;;
24219;24028;;;
24497;24028;;;
24310;24028;;;
24028;24028;;;
24035;24035;24035;;24035
24363;24035;;;
24439;24053;;;
24013;24053;24013;;24013
24447;24053;;;
24053;24053;24053;;24053,24102
24064;24064;;;
24170;24064;;;
24391;24064;;;
24430;24064;24430;;24430
24079;24064;;;
24561;24064;;;
24198;24064;;;
24530;24064;;;
24087;24087;;;
24041;24087;24041;;24041
24117;24117;;;
24204;24117;;;
24142;24142;24015,24142,24298,24388,24396;;24142
24298;24142;;;24142
24475;24147;;;
24147;24147;;;
24047;24147;;;
24249;24172;;;
24172;24172;;;
24389;24172;;;
24216;24216;;;
24333;24216;24333,24537,24564;;24333
24235;24253;;;
24503;24253;;;
24099;24253;;;
24579;24253;;;
24344;24253;;;
24203;24253;;;
24033;24253;;;
24253;24253;24253;;24253
24283;24253;;;
24233;24259;;;
24431;24259;;;24345
24259;24259;;;24345
24427;24259;;;
24065;24312;;;24571
24258;24312;24258;;24258
24312;24312;24312;;24312
24316;24316;;;
24118;24316;;;
24092;24362;;;
24362;24362;;;
24435;24362;;;
24127;24364;24127;;24127
24364;24364;;;
24376;24376;;;
24343;24376;;;
24402;24423;;;
24423;24423;;;
24433;24423;;;
24178;24490;24178;;24178
24368;24490;;;
24490;24490;24490;;24490
24181;24534;;;
24534;24534;24534;;24534
24540;24540;;;
24239;24540;;;
24093;24554;;;
24554;24554;24554;;24554
25034;25035;;;
25035;25035;;;
25587;25078;;;
25078;25078;25078;;25078
25147;25147;;;
25593;25147;;;
25140;25156;;;
25156;25156;;;
25531;25156;;;
25610;25222;25610;;25610
25222;25222;;;
25123;25222;;;
25245;25245;25245;;25245
25027;25245;25027,25036,25058,25149,25328,25473;;25027
25334;25334;25334;;25334
25319;25334;;;
25368;25368;;;
25137;25368;;;
25585;25424;;;
25128;25424;;;
25028;25424;;;
25424;25424;;;
25480;25424;;;
25302;25424;;;
25434;25434;25434;;25434
25076;25434;;;
25509;25438;;;
25438;25438;;;
25460;25460;;;
25399;25460;;;
25530;25529;;;
25529;25529;;;
25250;25558;;;
25558;25558;;;
25575;25575;;;
25576;25575;;;
26001;26001;26001,26167,26178,26327;;26001
26187;26001;;;
26354;26086;;;
26086;26086;;;
26366;26179;26366;;26071,26092,26366
26179;26179;26061,26072,26092,26177,26179,26295;26179;26092,26179
26297;26210;26297;;26077,26096,26297
26210;26210;;;26077,26096
26184;26210;26184;;26077,26184
27011;27011;27011;;27011
27506;27011;;;
27687;27022;;;
27519;27022;27519;;27519
27022;27022;27022;;27022
27634;27032;;;
27032;27032;;;
27172;27032;;;
27292;27049;;;
27283;27049;;;
27296;27049;;;
27499;27049;;;
27515;27049;;;
27596;27049;;;
27513;27049;;;
27628;27049;;;
27566;27049;;;
27088;27049;;;
27049;27049;;;
27221;27049;;;
27041;27049;27041;;27041
27356;27049;;;
27362;27049;;;
27007;27049;;;27300
27344;27062;;;
27062;27062;;;27105
27092;27062;;;27105
27270;27070;;;27016
27175;27070;;;
27070;27070;;;27016
27085;27085;;;
27223;27085;27223;;27223
27244;27085;;;
27089;27089;27089;;27089
27626;27089;;;
27657;27089;;;
27093;27090;;;27090,27105
27090;27090;27090,27093,27105,27582,27595,27636,27638,27639,76391;;27090,27105
27637;27105;;;27105
27084;27105;;;27105
27105;27105;27062,27084,27090,27092,27093,27105,27637;;27090,27105
27526;27107;;;27107
27107;27107;27107,27526;;27107
27159;27112;;;
27112;27112;;;
27305;27112;;;
27145;27157;;;
27157;27157;;;
27532;27157;;;
27225;27157;;;
27211;27191;27211;;27211
27191;27191;27191;;27191
27250;27191;;;
27491;27198;;;
27416;27198;;;
27024;27198;;;
27166;27198;;;
27297;27198;;;
27293;27198;;;
27387;27198;;;
27503;27198;;;
27198;27198;;;
27128;27213;;;
27653;27213;;;
27257;27213;27257;;27257
27213;27213;27213;;27213,27262
27308;27213;;;
27060;27213;;;27262
27449;27213;;;27477
27160;27213;;;27262
27262;27213;27060,27121,27160,27197,27213,27262,27264;;27262
27122;27213;;;
27197;27213;;;27262
27264;27213;;;27262
27121;27213;;;27262
27255;27213;;;
27263;27263;;;
27607;27263;27607;;27607
27581;27263;;;
27277;27277;;;
27484;27277;;;
27642;27290;;;
27290;27290;;;
27294;27294;;;27151
27274;27294;27274;;27151,27274
27302;27302;;;
27574;27302;;;
27648;27412;;;
27412;27412;27412;;27412
27253;27425;;;
27131;27425;;;
27452;27425;;;
27425;27425;27425;;27425,27622
27402;27447;27402;;27402
27268;27447;;;
27447;27447;;;27281
27510;27448;27510;;27448,27510
27448;27448;27114,27119,27448,27510;;27397,27400,27429,27448,27681
27467;27467;27467;;14301,27467,76481
27549;27467;27549;27549;27549
27651;27471;;;
27471;27471;;;
27516;27516;;;
27600;27516;;;
27523;27516;;;
27541;27541;;;
27551;27541;;;
27588;27554;27588;;27562,27588
27554;27554;27554;;27554,27562,27681
27150;27554;;;27562
27303;27565;27303;;27303
27565;27565;27565;;27565
27578;27578;;;
27195;27578;;;
27573;27578;;;
27638;27638;27638;;27090,27511,27638
27636;27638;;;27090
27639;27638;;;27090
27058;27676;27058;;27058
27676;27676;27676;;27676
27647;27676;27647;;27647
27265;27679;;;
27679;27679;;;27406
27685;27685;;;
27143;27685;;;
27693;27693;;;
27688;27693;;;
28115;28012;;;28334
28356;28012;;;
28044;28012;;;
28093;28012;;;
28204;28012;;;
28012;28012;28012,28027,28079,28398,41143;28012;28012
28042;28015;;;
28361;28015;;;
28015;28015;;;
28376;28018;;;
28018;28018;;;
28340;28103;;;
28103;28103;28103;28103;28103
28083;28103;;;
28017;28103;;;
28133;28103;;;
28262;28103;;;
28318;28103;;;
28241;28103;;;
28150;28103;;;
28066;28127;;;
28127;28127;;;28051
28250;28127;;;
28288;28183;;;
28183;28183;;;
28069;28185;;;
28185;28185;28185;;28185
28002;28199;;;
28311;28199;;;
28199;28199;;;
28112;28236;;;
28236;28236;;;28072
28063;28236;;;28072
28254;28254;;;
28402;28254;;;
28101;28330;;;
28330;28330;;;
28295;28330;;;
28224;28330;;;
28165;28331;;;
28331;28331;;;
28334;28334;28088,28115,28334,28353;28334;28205,28334
28205;28334;28088,28205,28334;;28205
28383;28383;28383;;28383
28297;28383;;;
28406;28406;;;
28412;28406;;;
28020;28406;;;
28145;28406;;;
28179;28406;;;
28258;28422;;;
28320;28422;;;
28416;28422;;;
28422;28422;;;
29052;29003;;;
29003;29003;;;
29203;29021;;;
29021;29021;29021;;29021
29149;29076;;;
29076;29076;;;
29199;29199;29199;;29151,29199
29219;29199;;;
29227;29227;;;
29129;29227;29129;29129;29129
29127;29266;;;
29266;29266;;;29151
30052;30052;30052,30157;;30052
30157;30052;;;30052
30339;30339;30339;;30229,30339
30190;30339;;;30229
31438;31277;31277,31438;;31438
31277;31277;31277;;31277,31438
31412;31412;;;31080,31307
31307;31412;31307,31397,31412,32185,32365,32413;;31080,31307
31471;31471;31298,31471;;31471
31298;31471;;;31471
32079;32079;;;
32168;32079;;;
32074;32344;;;
32344;32344;32344;;32344
33008;33008;;;
33092;33008;;;
33371;33018;33371;;33371,33553
33018;33018;;;33553
33495;33018;;;33553
33055;33055;;;33338
33338;33055;33055,33128,33134,33240,33338;;33338
33107;33106;;;
33106;33106;33106;;33106
33091;33268;33091;;33091
33268;33268;;;
33380;33380;;;
33267;33380;;;
34246;34246;34246;;34246
34330;34246;;;34280
35113;35004;35113;35113;35113
35004;35004;;;
35341;35004;35341;35341;35341
35303;35004;;;
35158;35060;;;
35060;35060;35060;;35060
35254;35069;35254;;35254
35209;35069;;;
35069;35069;35069;;35069
35100;35163;35072,35100,35163,35214;;35100
35163;35163;35163;;35100,35163,35324
35048;35168;;;
35168;35168;;;
35176;35176;35176;;35176
35129;35176;35126,35129,35238;35129;35123,35129,56061
35301;35184;;;
35184;35184;35184;35184;35184,35188
35323;35191;;;
35083;35191;;;
35191;35191;;;
35053;35220;;;
35220;35220;35220;;35220
35257;35257;35257,35267;;35257
35267;35257;35267;;35257,35267
35282;35282;;;
35348;35282;35348;;35348
35293;35282;;;
35269;35282;;;
35011;35292;;;
35292;35292;;;
35344;35308;;;35362
35308;35308;35308;;35179,35308
35147;35308;35147;;35147,35362
36093;36093;;;36024
36206;36093;;;
36201;36093;;;36024
36245;36202;36245;;36245
36202;36202;36044,36202;;36202
36183;36229;;;
36229;36229;;;
36151;36229;;;
36244;36244;;;
36072;36244;;;
37021;37021;;;
37135;37021;;;
37123;37123;37002,37013,37077,37081,37102,37117,37123,37150,37227,37241;;37011,37123,37227
37102;37123;;;37123
37232;37232;;;
37227;37232;37003,37077,37123,37227,37261;;37123,37227
37120;37232;;;
37254;37254;37254;;37254
37209;37254;;;
38001;38001;38001,38028,38165;;38001
38028;38001;;;38001
38165;38001;;;38001
38022;38022;38012,38022,38050,38055,38124,38183,38261,38541,38543;38022;38022,38323
38541;38022;;;38022
38302;38073;;;
38073;38073;;;
38024;38152;;;
38152;38152;;;
38306;38163;;;38006
38163;38163;38163;;38006,38163
38021;38225;;;
38225;38225;;;
38534;38253;;;
38253;38253;38052,38253;;38253
38284;38284;;;
38025;38284;;;
38305;38292;;;
38292;38292;38292;;38292
38014;38297;;;
38297;38297;;;
38359;38359;;;
38145;38359;;;
38435;38395;38435;;38140,38435
38367;38395;38367;;38367
38395;38395;38395;;38140,38395
38407;38407;;;
38312;38407;;;
38262;38439;38262;;38262
38439;38439;;;
38125;38456;;;38456
38456;38456;38125,38456;;38456
38121;38479;;;38363
38479;38479;38479;;38363,38479
38016;38479;38016;;38016,38363
38274;38479;;;
38560;38560;38560;;38560
38293;38560;38293;;38293
39016;39016;;;
39148;39016;39148;;39148
39482;39017;39482;;39482
39017;39017;39017;;39017
39566;39018;;;
39018;39018;39018;;39018
39488;39021;;;
39215;39021;;;
39544;39021;;;
39021;39021;;;
39043;39043;39043;;39043
39395;39043;;;
39442;39130;39442;;39442
39417;39130;;;
39562;39130;;;
39130;39130;;;39237
39089;39137;;;
39137;39137;39137;;39137
39483;39137;;;
39287;39137;;;
39332;39177;;;
39177;39177;;;
39260;39177;;;
39414;39190;;;
39190;39190;39190;;39190
39199;39199;39199;;39199
39075;39199;39075;;39075
39226;39209;;;
39509;39209;;;
39209;39209;;;
39382;39209;;;
39036;39209;;;
39115;39258;;;
39258;39258;;;
39347;39273;;;
39195;39273;;;
39273;39273;39273;;39273
39440;39286;;;
39286;39286;;;
39438;39286;;;
39123;39290;;;
39290;39290;;;
39224;39290;;;
39506;39290;39506;;39506
39329;39329;;;
39340;39329;;;
39213;39329;;;
39331;39331;;;
39161;39331;;;
39339;39339;;;
39113;39339;39113;;39113
39294;39368;;;
39371;39368;;;
39368;39368;;;
39378;39378;39378;;39378
39484;39378;;;
39023;39378;;;
39135;39378;;;
39564;39485;;;
39485;39485;;;
39303;39485;39303;;39303
39069;39485;;;
39186;39491;;;
39491;39491;39491;;39491
39510;39510;;;39560
39341;39510;;;
39158;39530;39158;;39158
39530;39530;39530;;39530
39537;39537;39537;;39537
39309;39537;;;
39576;39576;39576;39576;39576
39264;39576;;;
39549;39576;;;
39064;39576;;;
39577;39577;;;
39243;39577;39243;;39243
39583;39583;39583;;39583
39542;39583;39542;;39542
40197;40197;40197;;40197
40107;40197;;;
40302;40197;;;
40009;40197;;;
40243;40243;;;
40048;40243;;;
41055;41055;;;
41240;41055;;;
41064;41055;;;
41170;41059;41170;;41170
41082;41059;41082;;41082
41059;41059;;;
41257;41059;;;
41092;41059;;;
41263;41070;;;41030
41070;41070;;;41030
41142;41142;;;
41169;41142;;;
41033;41142;;;
41023;41151;;;
41151;41151;;;
41272;41167;;;41167
41167;41167;41045,41272;;
41015;41171;;;
41011;41171;;;
41171;41171;;;
41210;41171;;;
41056;41173;;;
41183;41173;;;
41244;41173;;;
41270;41173;;;
41264;41173;;;
41133;41173;;;
41173;41173;;;
41202;41248;;;41048
41197;41248;;;
41005;41248;41005;;41005,41048
41248;41248;;;41048
41165;41248;;;41048
42039;42039;;;
42114;42039;;;
42245;42245;;;
42291;42245;;;
42004;42268;42004;;42004
42082;42268;;;
42268;42268;;;
43255;43090;;;
43090;43090;;;
43221;43221;;;
43176;43221;;;
43081;43245;43081;;43081
43245;43245;;;
44003;44003;44003,44004,44160,44163,44213,49212,49276;44003;44003
44160;44003;;;44003
44040;44005;;;
44005;44005;44005;;44005
44021;44021;44021;;44021,44059
44059;44021;44021,44059,44087;;44059
44008;44029;;;
44029;44029;;;
44181;44087;;;
44087;44087;44087;44087;44059,44087
44004;44163;44004;;44003,44004
44163;44163;;;44003
44093;44180;;;44180
49144;44180;;;44180
44191;44180;;;44180
44180;44180;44017,44093,44180,44191,44219,49144;;44180
44017;44180;;;44180
44219;44180;;;44180
44011;44213;;;
44213;44213;;;44003
44034;44213;;;
44147;44213;;;
45051;45051;;;
45267;45051;;;
45211;45129;45165,45279;;45129
45129;45129;45129,45211;45129;45129,45329
45221;45191;;;
45190;45191;;;
45057;45191;45057;;45057
45236;45191;;;
45192;45191;;;
45106;45191;45106;;45106
45191;45191;;;
46278;46033;;;
46033;46033;46033;;46033
46300;46033;;;
46099;46033;;;
46248;46063;;;
46063;46063;;;46263
46083;46083;46083;;46083
46298;46083;46298;;19115,46298
46287;46103;46287;;46287
46103;46103;46103;;46103
46325;46138;;;
46291;46138;;;
46110;46138;;;
46019;46138;;;
46138;46138;;;
46327;46156;46327;;46327
46077;46156;46077;;46077
46156;46156;;;
46261;46201;;;46166
46326;46201;;;
46025;46201;;;
46201;46201;46201;;46166,46201,46206
46166;46201;46014,46166,46201,46261,46263,46285;;46166,46206
46067;46232;;;46232
46232;46232;19273,46067,46185,46232,46312;;19115,46232,46265
46275;46252;;;
46252;46252;;;
46262;46262;;;46206
46158;46262;;;46206
46274;46262;;;46206
46263;46263;46063,46263,46335,47001,47106,47323;46263;46166,46263
46014;46263;46014;;46014,46166
46285;46263;46285,46335;46285;46166,46285
46331;46268;46331;;46007,46331
46268;46268;46268;;46007,46268
46071;46311;46071;;46071
46141;46311;46141;;46141
46150;46311;;;
46048;46311;;;
46311;46311;46311;;46311
48060;48009;;;
48142;48009;;;
48183;48009;;;
48047;48009;;;
48076;48009;;;
48009;48009;;;
48017;48017;48027,48028,48092,48095,48127,48147;;
48033;48017;;;
48093;48027;48093;;48093
48040;48027;48040;;48040
48014;48027;;;12094,48185
48023;48027;;;
48164;48027;;;
48027;48027;48027;;48017,48027,48185
48038;48038;;;
48184;48038;;;
48050;48050;48022,48050;48050;48022,48050
48022;48050;48022,48050;;48022,48050
48061;48061;48061;;12145,48061,48154
48186;48061;48186;;48186
48087;48087;;;
48120;48087;;;
48154;48094;48061,48088,48146;;
48180;48094;;;
48094;48094;;;
48125;48094;;;
48195;48094;;;
48099;48099;;;
48049;48099;48126;48049;
48105;48105;;;
48062;48105;48041,48048,48112,48129;;
48116;48116;48116;48116;48116
48066;48116;48066;;48066
48172;48116;;;
48078;48126;;;48138
48126;48126;;;48049,48092
48197;48127;;;
48057;48127;;;
48189;48127;;;48092,48138
48127;48127;;;48017,48092,48138
48133;48127;;;
48084;48139;48010,48070,48080,48084,48139;48084;48084,48139
48139;48139;07136,48010,48021,48041,48048,48070,48084,48112,48129,48139;;48084,48139
48122;48146;48075;;
48146;48146;48146;;48146,48154
48101;48146;48101;;48101
48152;48152;48051,48134,48136,48152,48158,48173,48178,48194;;48152
48134;48152;;;48152
48162;48166;48162,48166;;48162,48166
48166;48166;48162,48166;48166;48162,48166
49003;49003;49003;;49003
49181;49003;;;
49230;49003;;;
49018;49018;49018,49213,49245,49303,49372;;49018,49123
49079;49018;;;
49116;49018;;;
49372;49018;;;49018,49123
49245;49018;;;49018
49031;49018;;;
49315;49018;;;
49143;49018;;;
49213;49018;;;49018
49157;49018;;;
49128;49018;;;
49303;49018;;;49018
49380;49018;;;
49097;49018;;;
49101;49018;;;
49147;49021;;;
49021;49021;;;49201
49312;49023;;;
49162;49023;;;
49165;49023;;;
49006;49023;;;
49239;49023;49239;;49239,49243
49023;49023;;;
49072;49023;;;
49151;49023;49151;;49151
49375;49023;49375;;49375
49243;49023;49225,49239,49243;;49243
49322;49029;;;
49029;49029;;;
49050;49050;;;
49078;49050;;;
49091;49050;49091;49091;49091
49001;49050;;;
49115;49050;;;
49317;49050;49317;;49317
49318;49050;;;
49363;49050;49363;;49363
49186;49050;;;
49327;49050;49327;;49327
49274;49060;;;
49046;49060;49046;;49046
49060;49060;49060;;49060
49067;49067;;;
49095;49067;;;
49296;49069;49296;;49296
49320;49069;;;
49360;49069;;;
49172;49069;;;
49270;49069;;;
49126;49069;;;
49177;49069;;;
49069;49069;49069;;49069
49040;49069;49040;;49040
49051;49080;;;
49096;49080;;;
49335;49080;;;
49254;49080;;;
49065;49080;49065;;49065
49105;49080;;;
49189;49080;;;
49080;49080;;;
49227;49086;;;
49191;49086;;;49345
49086;49086;;;49345
49300;49092;49300;;49300
49153;49092;;;
49074;49092;;;
49111;49092;;;
49281;49092;49281;;49092,49281
49071;49092;;;
49092;49092;49092,49199,49281;;49092
49225;49092;;;49243
49325;49092;;;
49169;49092;;;
49199;49092;;;49092
49268;49092;;;
49351;49092;;;
49198;49125;;;
49141;49125;;;
49282;49125;;;
49047;49125;;;49345
49125;49125;;;49123,49345
49207;49125;;;
49365;49125;;;
49104;49125;;;
49049;49138;;;
49280;49138;49280;;49280
49138;49138;;;
44060;49160;;;
49160;49160;;;
49084;49163;;;
49163;49163;;;
49025;49163;;;
49185;49163;;;
49167;49167;49167;;49167
49290;49167;49290;;49290
49159;49174;;;
49174;49174;49174;;49174
49005;49176;;;
49176;49176;;;
49183;49183;;;
49376;49183;49376;;49376
49108;49183;;;
49194;49194;;;
49139;49194;;;
49196;49200;;;
49251;49200;49251;;49251
49242;49200;49242;;49242
49200;49200;;;
49145;49218;;;49218
49085;49218;;;49218
49218;49218;49083,49085,49137,49145,49218,49252,49313,49314,49316,49324;49218;49218
49033;49218;;;
49314;49218;;;49218
49313;49218;;;49218
49252;49218;;;49218
49083;49218;;;49218
49316;49218;;;49218
49137;49218;;;49218
49324;49218;;;49218
49119;49220;;;
49093;49220;;;
49220;49220;;;
49052;49228;;;
49234;49228;;;
49197;49228;;;
49098;49228;;;49173
49175;49228;;;49173
49087;49228;49087;;49087,49173
49122;49228;;;49173
49062;49228;;;
49202;49228;;;49173
49228;49228;;;49173
49044;49228;;;49173
49173;49228;49013,49044,49087,49098,49122,49173,49175,49202,49228;49173;49173
49013;49228;;;49173
49150;49228;;;
49295;49244;;;
49297;49244;;;
49075;49244;;;
49039;49244;;;
49244;49244;;;
49034;49244;;;
49212;49244;;;44003,49068
49204;49244;;;
49276;49244;;;44003
49190;49244;;;
49024;49244;;;
49156;49248;;;49103
49073;49248;;;49088
49366;49248;;;49088
49309;49248;;;49088
49248;49248;49248;;49088,49248
49354;49248;;;49103
49103;49248;49103,49156,49226,49354;;49103
49226;49248;;;49103
49250;49248;;;49088
49088;49248;49073,49088,49248,49250,49309,49366;49088;49088
49154;49261;;;
49094;49261;;;
49304;49261;;;
49149;49261;;;49353
49261;49261;49261;;49201,49261
49346;49261;;;
49279;49261;;;
49292;49292;;;
49265;49292;;;
49289;49298;;;
49298;49298;;;
49206;49301;;;44063
49349;49301;;;
49258;49301;;;
49285;49301;;;
49350;49301;49350;;49350
49301;49301;49301;;49301
49263;49301;;;
49273;49301;;;44063
49179;49301;;;
49264;49301;49264;;49264
49042;49307;;;49353
49117;49307;49117;;49117
49004;49307;49004;;49004,49353
49106;49307;;;
49032;49307;;;
49307;49307;49307;;49201,49307
49019;49307;;;
49238;49323;;;
49323;49323;;;
49277;49331;;;
49305;49331;;;
49229;49331;;;49233
49158;49331;;;49233
49136;49331;;;
49014;49331;;;
49208;49331;;;
49187;49331;;;
49331;49331;49331;49331;49331
49081;49331;;;49233
49184;49331;;;
49233;49331;49037,49081,49158,49229,49233;;49233
49037;49331;;;49233
49319;49331;;;
49077;49331;;;
49133;49345;;;49345
49345;49345;49012,49047,49086,49125,49133,49191,49232,49345,49348,49373;;49345
49066;49345;;;
49256;49345;;;
49134;49345;;;
49249;49367;49249;;49249
49043;49367;;;
49148;49367;;;
49367;49367;;;
49342;49373;;;
49232;49373;49232;;49232,49345
49348;49373;;;49345
49373;49373;;;49123,49345
49356;49373;;;
49142;49373;;;
49059;49373;;;
49337;49377;49048,49333,49337,49377;;49337
49377;49377;49377;;49337,49377
50025;50025;;;
50516;50025;;;
50386;50041;;;
50073;50041;;;
50623;50041;;;
50187;50041;;;
50220;50041;;;
50611;50041;;;
50620;50041;;;
50600;50041;;;
50020;50041;;;
50057;50041;;;
50242;50041;;;
50001;50041;;;
50385;50041;;;
50171;50041;;;
50041;50041;;;
50257;50041;;;
50477;50041;;;
50460;50041;;;
50163;50041;;;
50418;50082;;;
50520;50082;;;
50614;50082;;;
50646;50082;;;
50396;50082;;;
50082;50082;;;
50557;50090;;;
50090;50090;50090;;50090,50515
50465;50095;;;
50095;50095;;;
50458;50099;50458;;50458
50249;50099;;;
50089;50099;;;
50099;50099;;;50445
50107;50099;;;
50636;50099;;;
50534;50099;;;
50010;50099;;;
50631;50099;;;
50485;50099;;;
50348;50099;;;
50080;50099;;;
50115;50115;;;
50114;50115;;;
50416;50129;;;
50173;50129;;;
50129;50129;;;
50602;50129;;;
50203;50129;;;
50139;50139;50139;50139;50139
50319;50139;;;
50608;50139;;;
50432;50142;;;
50375;50142;;;
50142;50142;;;
50211;50142;;;
50132;50168;;;
50168;50168;50168;50168;50168
50583;50197;;;
50301;50197;;;
50320;50197;;;
50197;50197;;;
50595;50209;;;
50209;50209;;;
50354;50215;;;
50061;50215;;;
50014;50215;;;
50215;50215;;;
50573;50215;;;
50035;50236;;;
50063;50236;;;
50330;50236;;;
50586;50236;;;
50204;50236;;;
50343;50236;;;
50236;50236;;;
50544;50236;;;
50558;50236;;;
50239;50239;;;
50123;50239;;;
50260;50260;;;
50125;50260;;;
50043;50260;;;
50323;50260;;;
50037;50260;;;
50318;50260;;;
50131;50260;;;
50267;50267;50267;;50267
50012;50267;;;
50415;50273;;;
50136;50273;;;
50497;50273;;;
50273;50273;;;
50280;50292;;;
50292;50292;;;
50638;50359;;;
50359;50359;;;
50494;50359;;;
50381;50359;;;
50056;50359;;;
50134;50363;;;
50316;50363;;;
50363;50363;;;
50388;50388;;;
50339;50388;;;
50329;50391;;;50391
50391;50391;50133,50293,50329,50391;50391;50391
50133;50391;;;50391
50293;50391;;;50391
50128;50393;;;
50393;50393;;;
50333;50400;;;
50005;50400;;;
50212;50400;;;
50400;50400;;;
50153;50400;;;
50250;50400;;;
50642;50400;;;
50409;50409;50409;;50409
50248;50409;50248;;50248
50284;50410;;;50410
50410;50410;50284,50410,50630;50410;50410
50630;50410;;;50410
50503;50412;;;
50412;50412;;;
50160;50412;;;
50417;50417;;;
50358;50417;;;
50255;50419;;;
50140;50419;;;
50223;50419;;;
50244;50419;;;
50419;50419;;;
50605;50419;;;
50431;50431;;;
50325;50431;;;
50119;50431;;;
50189;50436;;;
50436;50436;;;
50404;50444;;;
50444;50444;50444;;50444
50644;50484;;;50484
50484;50484;50484,50644;50484;50256,50484
50515;50484;50090,50570,50591;;
50487;50487;;;
50154;50487;;;
50018;50487;;;
50100;50487;;;
50337;50487;;;
50627;50487;;;
50640;50487;50640;;50640
50492;50492;;;
50414;50492;;;
50441;50492;;;
50380;50492;;;
50635;50492;50635;;50635
50170;50523;;;
50523;50523;;;
50127;50523;;;
50191;50523;;;
50427;50523;;;
50051;50523;;;
50103;50523;;;
50535;50535;;;
50071;50535;;;
50406;50535;;;
50581;50546;;;
50213;50546;;;
50313;50546;;;
50287;50546;50287;;50287
50546;50546;;;
50545;50546;;;
50550;50550;;;
50524;50550;;;
50438;50550;;;
50449;50550;;;
50308;50550;;;
50622;50550;;;
50007;50550;;;
50564;50564;;;50445
50470;50564;;;50445
50434;50565;;;
50355;50565;;;
50116;50565;;;
50009;50565;;;
50565;50565;;;
50625;50582;;;
50582;50582;;;
50179;50591;;;50591
50254;50591;;;50591
50508;50591;;;50591
50245;50591;50245;;50245,50591
50591;50591;50179,50245,50254,50508,50591;;50515,50591
50180;50592;;;
14513;50592;;;
50592;50592;;;
50597;50597;;;
50206;50597;;;
50075;50601;;;
50224;50601;;;
50601;50601;50601;;50601
50202;50601;;;
50639;50639;;;
50440;50639;;;
51347;51030;51347,51392;;51347
51030;51030;;;
51064;51030;51064;;51064
51075;51075;;;
51261;51075;;;
02344;51171;;;
51171;51171;;;
51331;51564;51331;;51331
51564;51564;;;
51411;51612;;;
51651;51612;51651;;51651
51612;51612;51612;;51611,51612
51271;51612;;;
52064;52064;;;
52351;52064;;;
52225;52064;52225;52225;52225
52140;52140;;;
52262;52140;;;
52187;52187;;;
52379;52187;;;
52340;52405;;;
52405;52405;;;
52509;52405;52509;;52509
52296;52411;;;
52411;52411;;;
52293;52411;;;
52180;52411;;;
52449;52449;;;52246
52036;52449;52036;;52036
52239;52529;;;
52529;52529;52529;;52529
53017;53017;;;
53095;53017;;;
53241;53029;;;
53029;53029;;;
53231;53029;;;
53006;53029;;;
53062;53062;;;
53014;53062;53014;;53014
53215;53062;;;
53065;53097;;;
53207;53097;;;
53097;53097;;;
53104;53104;;;
53138;53104;;;
53124;53124;;;
53004;53124;;;
53254;53136;53254;;53254
53136;53136;;;
53194;53137;;;
53137;53137;;;
53092;53161;;;
53161;53161;53161;;53161
53159;53161;53159;;53159
53205;53161;;;
53244;53161;;;
53252;53185;;;
53185;53185;;;
53032;53228;;;
53228;53228;;;
53255;53255;;;
53050;53255;;;
54099;54099;54018,54036,54048,54084,54099,54302,54326,54334,54342,54533;;54099
54341;54099;;;
54342;54099;;;54099
54506;54557;;;
54557;54557;;;
55030;55150;;;
55150;55150;;;
55164;55537;;;
55537;55537;;;
56033;56033;;;
56183;56033;;;
56064;56061;;;
56038;56061;;;
56061;56061;35129,56061,56124;;56061
56102;56102;56091;;
56059;56102;;;
56192;56144;;;
56142;56144;;;
56144;56144;;;
56138;56165;;;
56165;56165;;;
56173;56173;;;
56016;56173;;;
56197;56197;56197;;56197
56187;56197;;;
56037;56197;56037;;56037
56150;56251;56150;;56150,56251
56251;56251;56150,56251;56251;56251
57021;57021;57021;;57021
57184;57021;;;
57432;57148;;;
57148;57148;;;
57585;57439;;;
57439;57439;;;
57523;57482;;;
57482;57482;;;
57578;57578;;;
57722;57578;;;
58167;58026;;;
58026;58026;;;
58100;58026;;;
58204;58204;;;
58022;58204;;;
59248;59183;45234,45284,59016,59248,59273,59340;;59248
59183;59183;;;
59540;59183;;;
59260;59260;;;
59404;59260;;;
59588;59588;;;
59154;59588;;;
60029;60029;60029;;60029,60681
60649;60029;;;60681
60694;60054;;;
60455;60054;;;60256
60054;60054;;;60256
60018;60088;;;
60246;60088;;;
60088;60088;;;
60453;60196;;;
60532;60196;;;
60196;60196;60417;;
60300;60209;;;
60209;60209;;;
60080;60209;;;
60096;60245;;;
60245;60245;;;
60038;60256;;;
60256;60256;60054,60256,60327,60401,60455,60613,60652;;60256
60417;60570;60417;;60196,60417
60570;60570;;;
60644;60644;60644;;60143,60644
60690;60644;;;
60682;60682;60475,60682;;60682
60475;60682;;;60682
61058;61007;;;
61353;61007;;;
61465;61007;;;
61313;61007;;;
61478;61007;;;
61073;61007;;;
61007;61007;;;
61489;61007;;;
61430;61050;;;
61128;61050;;;
61245;61050;;;
61050;61050;;;
61081;61081;;;
61306;61081;;;
61253;61081;;;
61186;61096;;;
61200;61096;;;
61096;61096;;;
61135;61096;;;
61125;61116;;;
61115;61116;;;
61116;61116;;;
61201;61145;;;
61145;61145;61145;61145;61145
61355;61145;;;
61470;61153;;;
61127;61153;;;
61441;61153;;;
61027;61153;;;
61153;61153;;;
61173;61153;;;
61236;61153;;;
61205;61167;;;
61003;61167;;;27395
61047;61167;61047;;27395,61047
61167;61167;;;
61184;61167;;;
61191;61167;;;
61434;61167;;;
61136;61167;;;
61282;61167;;;
61506;61167;;;
61168;61168;61168;;61168
61004;61168;;;
61194;61194;61194;;61194
61468;61194;;;
61285;61194;;;
61196;61196;;;
61318;61196;;;
61437;61196;;;
61154;61196;;;
61471;61196;;;
61325;61196;;;
61239;61211;;;
61033;61211;;;
61025;61211;;;
61235;61211;;;
61380;61211;;;
61211;61211;;;
61469;61211;;;
61228;61228;;;
61231;61228;;;
61383;61228;;;
61172;61228;;;
61458;61230;;;
61280;61230;;;
61296;61230;;;
61305;61230;;;
61247;61230;;;
61220;61230;;;
61250;61230;;;
61230;61230;;;
61109;61292;;;
61292;61292;;;
61403;61294;;;
61294;61294;61294;61294;61294
61337;61309;;;
61309;61309;;;
61112;61309;61112;;61112
61368;61309;;;
61144;61309;;;
61409;61309;;;
61455;61324;;;
61324;61324;61324;;61324
61155;61324;;;
61106;61339;;;
61179;61339;;;
61340;61339;61340;;61340
61354;61339;;;
61339;61339;;;
61378;61339;;;
61364;61339;;;
61270;61339;;;
61174;61339;;;
61509;61341;;;
61341;61341;;;61001,61234
61175;61341;;;61001
61147;61345;;;
61345;61345;;;
61042;61345;;;
61375;61375;61249,61375,61417,61511;;61375
61511;61375;;;61375
61249;61375;;;61375
61417;61375;;;61375
61311;61429;;;
61299;61429;;;
61429;61429;;;
61460;61460;61460;;61460
61320;61460;;;
61463;61463;;;
61428;61463;;;
61504;61474;;;
61019;61474;;;
61474;61474;;;
61009;61474;;;
61477;61474;;;
61161;61474;;;
61083;61474;;;
61496;61474;;;
61131;61474;;;
61157;61474;;;
61315;61474;;;
61057;61474;;;
61449;61474;;;
61110;61474;;;
61431;61483;;;
61483;61483;61483;;61483
61356;61484;61356;;61356,61484
61246;61484;;;61484
61359;61484;;;61484
61185;61484;;;61484
61204;61484;;;61484
61484;61484;61185,61204,61246,61356,61359,61484;;61484
61486;61486;;;
61410;61486;;;
61031;61486;;;
61513;61486;;;
61223;61486;;;
61377;61486;;;
61177;61486;;;
61016;61491;;;
61335;61491;;;
61090;61491;;;
61045;61491;;;
61065;61491;;;
61343;61491;;;
61338;61491;;;
61059;61491;;;
61491;61491;;;
61226;61491;61226;;61226
62210;62154;;;
62154;62154;62154;;62154
62295;62295;62295;;62295,62313,62509,62676
62294;62295;62294;;62294,62516
62431;62471;;;62471
62471;62471;62229,62265,62271,62431,62471,62656;;62471
62691;62691;62226,62265,62691,62811;;62691,62721
62226;62691;62226;;62226,62691
62807;62757;;;
62757;62757;62757;;62757
63018;63160;63018;63018;63018,63051
63160;63160;;;
63226;63226;63226;;63226
63133;63226;63133;;63133
63068;63244;63068;;63068
63244;63244;63244;;63244
63266;63255;63266;;63266
63255;63255;;;
63127;63335;;;
63335;63335;;;
63078;63448;;;
63448;63448;;;
64225;64225;64225;;64225
64020;64225;;;
65312;65081;;;
65081;65081;;;65096
65122;65092;;;
65092;65092;;;
65188;65192;;;
65192;65192;;;
65282;65282;;;
65027;65282;;;
65480;65399;;;
65399;65399;;;
67004;67004;;;
67431;67004;67431;;67431
67041;67004;;;
67469;67004;;;
67153;67153;;;
67560;67153;;;
67439;67202;;;
67202;67202;67202;;67202
67496;67372;;;
67402;67372;;;
67512;67372;;;
67372;67372;;;
67418;67418;;;
67014;67418;;;
67374;67495;;;
67495;67495;;;
67297;67539;;;67298
67539;67539;67539;;67298,67539
67158;67539;;;
67207;67539;;;67298
68031;68006;68031;;68031
68006;68006;;;
68206;68012;;;
68012;68012;68081,68093,68141,68152,68218;;
68070;68056;;;
68056;68056;68056;;68056
68272;68143;;;
68143;68143;;;
68164;68162;;;
68162;68162;;;
68310;68162;;;
68233;68201;;;
68201;68201;;;
68219;68219;;;
68314;68219;;;
68108;68240;68108;;68108
68240;68240;;;
68133;68240;;;
68319;68320;68319;;68319
68320;68320;68320;;68320
69019;69019;69019;;69019
69211;69019;69109,69197,69211,71090;69211;69211
69024;69024;69024,69039,69245;;69024,69134
69222;69024;;;
69146;69024;;;69134
69158;69066;;;
69247;69066;;;
69066;69066;69066;;69066
69185;69135;;;
69150;69135;;;
69015;69135;;;
69210;69135;;;
69251;69135;;;
69224;69135;;;
69135;69135;;;69165
69073;69157;;;
69147;69157;;;
69157;69157;69157;69157;69157,69234
69223;69157;;;69234
69114;69159;;;69264
69101;69159;;;69264
69159;69159;;;
69179;69179;;;
69048;69179;69048;;69048,69219
69213;69179;;;
69208;69208;;;
69144;69208;;;
69237;69228;;;
69195;69228;69195;;69195
69228;69228;69228;;69228
69248;69248;;;
69128;69248;;;
69129;69248;;;
69041;69248;;;
69025;69248;;;
69255;69255;;;69028,69244
69221;69255;;;
70245;70245;;;
70475;70245;;;
70497;70285;;;
70285;70285;70285;;70285
70418;70418;;;
70551;70418;;;
70281;70418;;;
70345;70489;;;
70489;70489;;;
70491;70491;70491;;70491
70375;70491;;;
71304;71134;71055,71178,71304,71546;;71304
71055;71134;71055;;71055,71304
71134;71134;;;
71204;71204;71204;71204;71204
71265;71204;;;
71279;71279;;;
71375;71279;;;
71138;71578;;;
71578;71578;;;
71582;71582;;;
71288;71582;;;
71587;71582;;;
71180;71582;;;
72301;72023;;;
72023;72023;;;
72025;72025;;;
72108;72025;;;
72384;72071;72384;;72384
72203;72071;;;
72071;72071;72071;;72071
72081;72080;;;
72080;72080;;;
72128;72128;;;
72304;72128;;;
72318;72137;;;
72207;72137;;;
72258;72137;;;
72137;72137;;;
72162;72137;;;
72069;72137;;;
72097;72138;;;
72138;72138;;;
72284;72138;;;
72117;72176;;;
72176;72176;;;
72116;72189;;;
72189;72189;72189;;72189
72033;72219;;;
72219;72219;;;
72240;72262;;;
72159;72262;;;41030
72063;72262;;;
72262;72262;;;
72082;72308;;;
72308;72308;;;
72288;72363;;;
72363;72363;;;
73266;73003;;;
73003;73003;;;
73045;73003;;;
73006;73006;;;
73169;73006;;;
73126;73006;;;
73108;73010;;;73010
73158;73010;73158;73158;73010,73158
73239;73010;38553,69123;;73010
73062;73010;73062;;73010,73062
73010;73010;73010,73062,73108,73158,73238,73239;;73010
73238;73010;;;73010
73203;73135;;;
73080;73135;;;
73135;73135;;;
73038;73150;73112,73187,73317;;
73150;73150;73112,73187,73317;;
73093;73150;73112,73187,73317;;
73305;73150;73112,73187,73317;;
73151;73151;73151;;73151
73118;73151;;;
73187;73187;;;73038,73093,73150,73305
73046;73187;;;
73112;73187;;;73038,73093,73150,73305
73002;73212;;;73306
73212;73212;;;
73111;73215;;;
73215;73215;;;
73198;73227;;;
73227;73227;;;
73167;73235;;;
73235;73235;;;73067
73163;73235;;;
73236;73236;73236;;38315,73127,73236
73127;73236;73025,73070,73127,73214,73236,73254,73260;;73127
73260;73236;73260;;73127,73260
73321;73257;;;
73244;73257;;;
73257;73257;;;
73263;73263;;;73008,73264
73264;73263;73008,73128,73164,73263,73264,73301;;73008,73264
73284;73284;;;
73115;73284;;;
73144;73290;;;
73056;73290;;;
73290;73290;;;
73143;73290;;;
73287;73290;;;
74217;74010;;;
74011;74010;;;
74268;74010;;;
74010;74010;;;
74182;74010;;;
74093;74010;;;
74181;74112;;;
74112;74112;;;
74123;74123;;;
74270;74123;;;
74084;74167;;;
74167;74167;74167;;74167
74110;74212;;;
74212;74212;74212;;74212
74275;74275;;;
74187;74275;;;
74120;74282;;;
74204;74282;;;
74022;74282;;;
74282;74282;;;
74245;74282;;;
74289;74289;74289;;74289
74274;74289;74274;;74274
76191;76034;;;76034
76674;76034;;;76034
76034;76034;76034,76191,76674;76034;76034
76729;76041;;;
76041;76041;;;
76127;76146;;;
76248;76146;76248;;76248,76517,76532
76146;76146;;;76517
76742;76164;;;
76659;76164;76659;;76659
76164;76164;76164;;76164,76401
76044;76258;;;
76639;76258;;;
76080;76258;;;
76258;76258;;;
76078;76258;;;
76525;76258;76525;;76525
76607;76258;76607;;76607
76277;76276;;;
76276;76276;;;
76289;76289;76289;;76289
76089;76289;76089;;76089
76444;76289;76444;;76444
76267;76289;;;
76625;76401;76625;;76401,76625
76401;76401;76164,76362,76401,76473,76625,76727;76401;76401
76701;76476;;;
76031;76476;76031;;76031
76713;76476;;;
76476;76476;76476;76476;76476
76073;76618;;;
76376;76618;;;76301
76326;76618;;;76337
76037;76618;;;76337
76696;76618;76192;;
76098;76618;;;
76496;76618;76496;;76496
76081;76618;;;
76137;76618;76137;;76137
76618;76618;;;76301
76310;76618;;;76337
76643;76618;;;76337
76337;76618;76037,76054,76145,76310,76326,76337,76643,76704;;76337
76027;76618;;;
76145;76618;;;76337
76704;76618;;;76301,76337
76215;76618;;;
76301;76618;76071,76301,76376,76618,76704;;76301
77109;77109;;;
77149;77109;;;
77316;77316;77166,77170,77299,77316,77491;77316;77316,77419
77166;77316;;;77316
77170;77316;;;77316
77491;77316;;;77316
77299;77316;;;77316
77028;77433;77028;;77028
77433;77433;;;
77399;77504;;;
77504;77504;;;
78158;78158;78158;;78158
78524;78158;;;
78503;78320;;;
78320;78320;78320;;78320
78251;78551;;;
78551;78551;78551;;78551
79005;79005;79005,79268;;79005
79325;79005;;;
79053;79013;79053;79053;79013,79053
79333;79013;;;79013
79187;79013;79187;;79013,79187
79099;79013;79099;79099;79013,79099
79013;79013;79013,79053,79099,79187,79333;79013;79013
79072;79013;;;
79014;79014;79014;;79014
79043;79014;79043;;79043
79353;79030;;;
79030;79030;;;
79061;79061;;;79090
79282;79061;;;
79063;79063;79063;;79063
79168;79063;;;
79044;79063;;;
79314;79064;;;
79064;79064;;;79174
79035;79077;79035;;79035
79077;79077;;;
79247;79078;;;
79039;79078;;;
79078;79078;;;
79033;79078;;;
79107;79083;;;
79027;79083;;;
79330;79083;;;
79083;79083;;;
79105;79105;;;
79068;79105;79068;;79068
79006;79136;;;
79136;79136;;;
79045;79140;;;
79140;79140;;;
79211;79140;;;
79011;79140;;;
79174;79174;79064,79164,79173,79174,79214,79251,79264,79279,79295,79301;;79174
79199;79174;;;
79264;79174;;;79174
79279;79174;;;79174
79173;79174;;;79174
79188;79179;79188;;79188
79075;79179;;;
79261;79179;79261;;79261
79222;79179;;;
79051;79179;;;
79179;79179;79179;79179;79179
79327;79185;;;
79004;79185;;;
79240;79185;;;
79185;79185;;;
79054;79196;;;
79260;79196;;;
79196;79196;;;
79321;79196;;;
79217;79217;79217;;79217
79098;79217;;;
79356;79242;;;
79242;79242;79242;;79242
79214;79251;;;79174
79251;79251;;;79174
79280;79280;;;
79113;79280;;;
79318;79285;79318;79318;79318
79285;79285;;;
79329;79329;;;79277
79178;79329;79178;;79178,79277
79292;79329;;;
79171;79329;79171;79171;79171
79219;79334;;;
79328;79334;;;
79334;79334;;;
80295;80295;;;
80532;80295;;;
80389;80442;;;
80442;80442;;;
80594;80485;;;
80485;80485;;;
80761;80485;;;
80505;80505;;;
80175;80505;;;
80509;80509;;;
80551;80509;;;
80608;80621;;;
80447;80621;;;
80621;80621;;;
80419;80625;;;
80625;80625;;;
80209;80625;;;
81155;81026;;;
81026;81026;;;
81091;81062;;;81062
81153;81062;;;
81062;81062;81028,81031,81053,81086,81091;;
81218;81218;;;
81113;81218;;;
81296;81233;;;
81241;81233;;;
81226;81233;;;
81233;81233;;;
81260;81233;;;
81301;81233;;;
85069;85008;;;
85008;85008;;;
85044;85009;;;
85009;85009;85305;;
85019;85019;;;
85279;85019;;;
85080;85080;85078;;
85091;85080;;;
85212;85084;;;
85084;85084;85084;;85084
85030;85084;;;
85165;85084;;;
85180;85090;;;85240
85063;85090;;;85240
85090;85090;;;85257
85257;85090;85031,85090,85257;;85257
85217;85146;;;
85107;85146;;;
85224;85146;;;
85027;85146;;;
85146;85146;85146;;85146
85152;85152;85118;;
85052;85152;;;
85219;85154;85219;;85219
85154;85154;;;
85162;85162;;;
85168;85162;;;
85299;85177;;;
85177;85177;;;
85166;85194;;;
85194;85194;;;
85060;85194;;;
85272;85197;85272;;85150,85272
85197;85197;;;
85150;85197;85129,85150,85272;;85150
85213;85213;;;
85043;85213;;;
85302;85302;;;
85048;85302;;;
86019;86019;;;
86219;86019;;;
86208;86053;;;
86053;86053;;;
86067;86082;;;
86043;86082;;;
86278;86082;86278;;86278
86082;86082;;;
86188;86082;86188;;86188
86115;86115;86115;;86115
86146;86115;86146;;86146
86123;86123;86123;;86123
86166;86123;86166;;86166
86056;86123;86056;;86056
86021;86123;;;
86245;86245;;;
86259;86245;;;
86060;86281;;;
86277;86281;;;
86071;86281;;;
86281;86281;;;
86030;86281;;;
87055;87028;;;
87196;87028;;;
87028;87028;;;
87136;87028;87136;;87136
87097;87097;;;
87026;87097;87026;;87026
87173;87128;87173;;87173
87184;87128;;;
87128;87128;;;
88029;88029;88029;;88029,88188
88235;88029;;;
88234;88029;88234;;88234
88282;88176;;;
88176;88176;88176;;88176
88018;88218;;;
88218;88218;;;
88361;88361;88361;;88361
88112;88361;88112;;88112
88337;88465;;;
88204;88465;88204;;88188,88204
88465;88465;88465;;88465
88392;88475;;;88404
88475;88475;;;88404
89484;89003;;;
89003;89003;;;
89078;89003;89078;;89078
89473;89003;;;
89103;89086;;;
89243;89086;;;
89070;89086;89070;;89070
89086;89086;;;
89178;89086;;;
89138;89086;;;
89241;89086;;;
89294;89086;;;
89192;89086;;;
89358;89086;;;
89317;89086;;;
89097;89086;;;
89454;89086;;;
89343;89086;;;
89130;89130;;;
89001;89130;;;
89196;89196;;;
89275;89196;;;
89213;89196;;;
89457;89196;;;
89448;89197;;;
89381;89197;;;
89197;89197;;;
89109;89197;;;
89421;89197;;;
89334;89334;;;
89356;89334;;;
89366;89388;;;
89388;89388;89388;89388;89388
89260;89405;;;
89405;89405;;;
89174;89405;;;
89107;89411;;;
89429;89411;;;
89411;89411;;;
89340;89420;;;
89420;89420;89420;;89420
89441;89441;89441;89441;89441
89330;89441;;;
90068;90068;90068;;90068
90073;90068;;;
91228;91228;;;91286
91182;91228;;;
91390;91390;;;
91222;91390;;;
95040;95040;95040;;95040
95259;95040;95259;;95259
52427;;;;
